{"I_manual": {"SegDegree": [0.0, 7.620847590669034e-05, 7.620847590669034e-05, 0.00016765864699471876, 0.0003124547512174304, 0.000884018320517608, 0.0024158086862420837, 0.007392222162948963, 0.015195970095794055, 0.023792286178068726, 0.037136390309330206, 0.05625709691431881, 0.07428802231384174, 0.07713821931275197, 0.07269526516739191, 0.05895487696141565, 0.0441018450072017, 0.028936358301770323, 0.018183342351336316, 0.010867328664294042, 0.006371028585799313, 0.003703731929065151, 0.0019128327452579276, 0.0009145017108802841, 0.0004039049223054588, 0.00013717525663204262, 3.0483390362676136e-05, 1.5241695181338068e-05, 0.0, 0, 0, 0, 0, 0], "Random": [0.0, 7.620847590669034e-05, 7.620847590669034e-05, 0.00016765864699471876, 0.0003124547512174304, 0.000884018320517608, 0.0024158086862420837, 0.006973075545462166, 0.014807306868669934, 0.02399042821542612, 0.03673248538702475, 0.05712587353965508, 0.07597985047897027, 0.07732874050251869, 0.07248950228244386, 0.06034949207050808, 0.04444478314878181, 0.030369077648816103, 0.019052118976672586, 0.011553204947454257, 0.006637758251472729, 0.0037189736242464887, 0.0021490790205686678, 0.0010288144247403196, 0.0005563218741188395, 0.0002438671229014091, 4.572508554401421e-05, 7.620847590669034e-06, 7.620847590669034e-06, 1.5241695181338068e-05, 0.0, 0, 0, 0], "NoIntervention": [0.0, 7.620847590669034e-05, 7.620847590669034e-05, 0.00016765864699471876, 0.0003124547512174304, 0.000884018320517608, 0.0024158086862420837, 0.007567501657534351, 0.01900639389112857, 0.03315830786700097, 0.04803420236398692, 0.07205511396977572, 0.08554401420525991, 0.08458378740883561, 0.07291626974752131, 0.054557647901599615, 0.03763174540272369, 0.023792286178068726, 0.013801354986701622, 0.008588695234684002, 0.00481637567730283, 0.0027206425898688453, 0.0013641317187297571, 0.0007163596735228892, 0.00035055898917077556, 0.00017527949458538778, 8.382932349735938e-05, 6.096678072535227e-05, 1.5241695181338068e-05, 1.5241695181338068e-05, 7.620847590669034e-06, 0.0, 0, 0]}, "I_full": {"DegGreedy_fair": [0.0, 7.620847590669034e-05, 7.620847590669034e-05, 0.00016765864699471876, 0.0003124547512174304, 0.000884018320517608, 0.0024158086862420837, 0.007216942668363575, 0.013290758198126796, 0.020721084599029105, 0.03350124600858107, 0.04997751849960753, 0.06520397198576426, 0.0728705446619773, 0.07071384479381797, 0.06172124463682851, 0.04719590912901333, 0.0330516160007316, 0.021254543930375937, 0.012566777677013237, 0.007003558935824842, 0.003284585311578354, 0.001539411213315145, 0.0005715635693001776, 0.000221004580129402, 6.096678072535227e-05, 3.0483390362676136e-05, 0.0, 0, 0, 0, 0, 0, 0], "DepRound_fair": [0.0, 7.620847590669034e-05, 7.620847590669034e-05, 0.00016765864699471876, 0.0003124547512174304, 0.000884018320517608, 0.0024158086862420837, 0.007224563515954244, 0.013740388205976268, 0.020888743246023824, 0.030155693916277367, 0.045976573514506285, 0.06163741531333115, 0.06747498456778363, 0.06784840609972641, 0.06281864668988485, 0.04932212560680999, 0.035482666382155026, 0.02322072260876855, 0.014167155671053734, 0.007758022847301077, 0.004244812108002652, 0.0020881122398433154, 0.001097402053056341, 0.00041152576989612785, 0.0001524169518133807, 5.334593313468324e-05, 2.2862542772007104e-05, 3.810423795334517e-05, 0.0, 0, 0, 0, 0], "EC": [0.0, 7.620847590669034e-05, 7.620847590669034e-05, 0.00016765864699471876, 0.0003124547512174304, 0.000884018320517608, 0.0024158086862420837, 0.006881625374374138, 0.0145939231361312, 0.023075926504545836, 0.03557411655324305, 0.052149460062948204, 0.06646141183822464, 0.07455475197951517, 0.07532445758617273, 0.06489151723454682, 0.04745501794709608, 0.032876336506146214, 0.020713463751438434, 0.01207142258361975, 0.006576791470747376, 0.0037265944718371576, 0.001989041221164618, 0.0011736105289630312, 0.0005639427217095086, 0.00016765864699471876, 9.907101867869745e-05, 3.0483390362676136e-05, 0.0, 0, 0, 0, 0, 0], "NoIntervention": [0.0, 7.620847590669034e-05, 7.620847590669034e-05, 0.00016765864699471876, 0.0003124547512174304, 0.000884018320517608, 0.0024158086862420837, 0.007171217582819561, 0.018244309132061667, 0.03206090581394463, 0.04606802368559431, 0.06915157103773081, 0.08214511617982152, 0.08235087906476958, 0.07420419299034439, 0.05626471776190948, 0.03866818067505468, 0.02508783026848246, 0.015599875018099512, 0.009198363041937524, 0.00505262195261357, 0.0032236185308530015, 0.0016994490127191946, 0.0011812313765537004, 0.0006096678072535228, 0.00044963000784947304, 0.00020576288494806392, 0.00013717525663204262, 5.334593313468324e-05, 1.5241695181338068e-05, 0.0, 0, 0, 0]}, "I_digital": {"DegGreedy_private_product": [0.0, 7.620847590669034e-05, 7.620847590669034e-05, 0.00016765864699471876, 0.0003124547512174304, 0.000884018320517608, 0.0024158086862420837, 0.007125492497275547, 0.010806361883568691, 0.014418643641545813, 0.020568667647215724, 0.031862763776587234, 0.04474961705240857, 0.05516731570885314, 0.06170600294164717, 0.05906156882768501, 0.049344988149582, 0.03732691149909693, 0.026718691652885634, 0.017588916239264132, 0.010996883073335417, 0.006340545195436637, 0.0034598648061637417, 0.0019128327452579276, 0.0010059518819683126, 0.0005410801789375014, 0.00027435051326408523, 0.00012193356145070454, 3.0483390362676136e-05, 3.810423795334517e-05, 0.0, 0, 0, 0], "Degree_I_noisy": [0.0, 7.620847590669034e-05, 7.620847590669034e-05, 0.00016765864699471876, 0.0003124547512174304, 0.000884018320517608, 0.0024158086862420837, 0.007285530296679597, 0.011073091549242107, 0.014723477545172574, 0.021330752406282627, 0.03606185079904587, 0.04884201220859784, 0.05711063184447374, 0.0637407692483558, 0.06120302700066301, 0.05182176361654943, 0.03815758388647986, 0.02658913724384426, 0.016041884178358317, 0.01025004000944985, 0.006195749091213925, 0.003086443274220959, 0.0015165486705431379, 0.0007697056066575725, 0.00038866322712412076, 0.00020576288494806392, 0.00012193356145070454, 9.145017108802842e-05, 3.810423795334517e-05, 3.0483390362676136e-05, 2.2862542772007104e-05, 0.0, 0], "List_Length_Noisy": [0.0, 7.620847590669034e-05, 7.620847590669034e-05, 0.00016765864699471876, 0.0003124547512174304, 0.000884018320517608, 0.0024158086862420837, 0.00757512250512502, 0.01081398273115936, 0.014418643641545813, 0.022047112079805517, 0.035025415526714884, 0.05017566053696492, 0.05984651612952393, 0.06366456077244911, 0.06160693192296847, 0.052743886175020384, 0.03953695730039095, 0.028136169304750075, 0.01799282116156959, 0.010882570359475381, 0.006416753671343327, 0.0034293814158010655, 0.0017604157934445468, 0.0009145017108802841, 0.00041152576989612785, 0.000221004580129402, 0.00013717525663204262, 5.334593313468324e-05, 1.5241695181338068e-05, 0.0, 0, 0, 0], "NoIntervention": [0.0, 7.620847590669034e-05, 7.620847590669034e-05, 0.00016765864699471876, 0.0003124547512174304, 0.000884018320517608, 0.0024158086862420837, 0.006973075545462166, 0.018061408789885613, 0.03226666869889269, 0.04716542573865065, 0.07015752291969912, 0.08366928569795533, 0.08324251823287786, 0.0741508470572097, 0.05620375098118413, 0.03850052202805996, 0.023396002103353936, 0.015287420266882082, 0.008276240483466571, 0.005037380257432232, 0.0030483390362676136, 0.0017299324030818708, 0.001089781205465672, 0.0005944261120721847, 0.0003353172939894375, 0.0002591088180827472, 0.00014479610422271164, 0.00010669186626936647, 3.0483390362676136e-05, 4.572508554401421e-05, 0.0, 7.620847590669034e-06, 0.0]}}