{"DegGreedy_private_product": [0.0, 7.620847590669034e-05, 7.620847590669034e-05, 0.00016765864699471876, 0.0003124547512174304, 0.000884018320517608, 0.0024158086862420837, 0.007163596735228892, 0.011240750196236826, 0.014449127031908489, 0.02201662868944284, 0.033813700759798504, 0.04731022184287336, 0.057301153034240465, 0.06102012665848696, 0.05726304879628712, 0.0481866193158003, 0.036183784360496574, 0.02517928043957049, 0.017383153354316068, 0.010905432902247388, 0.006820658593648786, 0.0034217605682103965, 0.002034766306708632, 0.0008687766253362699, 0.0005182176361654944, 0.00022862542772007102, 0.00014479610422271164, 8.382932349735938e-05, 6.096678072535227e-05, 7.620847590669034e-06, 7.620847590669034e-06, 0.0], "Degree_I_noisy": [0.0, 7.620847590669034e-05, 7.620847590669034e-05, 0.00016765864699471876, 0.0003124547512174304, 0.000884018320517608, 0.0024158086862420837, 0.007506534876808998, 0.011431271386003552, 0.015295041114472751, 0.021894695127992136, 0.03523117841166294, 0.04610612792354766, 0.05443571434014891, 0.06106585174403097, 0.05939688612167445, 0.05159313818882936, 0.03911018983531348, 0.027168321660735108, 0.01808427133265762, 0.011278854434190171, 0.006813037746058116, 0.0036961110814744814, 0.0023243585151540556, 0.0008459140825642628, 0.00048011339821214913, 0.00016765864699471876, 3.810423795334517e-05, 5.334593313468324e-05, 7.620847590669034e-06, 7.620847590669034e-06, 0.0], "List_Length_Noisy": [0.0, 7.620847590669034e-05, 7.620847590669034e-05, 0.00016765864699471876, 0.0003124547512174304, 0.000884018320517608, 0.0024158086862420837, 0.007826610475617099, 0.011507479861910242, 0.01458630228854053, 0.022854921924416433, 0.035627462486377735, 0.050229006470099605, 0.060387596308461425, 0.06468575434959876, 0.06205656193081795, 0.053391658220227255, 0.040741051219716655, 0.028623903550552894, 0.018023304551932264, 0.011469375623956897, 0.006401511976161988, 0.0034293814158010655, 0.0017146907079005327, 0.0009145017108802841, 0.00043438831266813494, 0.0001295544090413736, 0.00010669186626936647, 1.5241695181338068e-05, 2.2862542772007104e-05, 7.620847590669034e-06, 0.0], "NoIntervention": [0.0, 7.620847590669034e-05, 7.620847590669034e-05, 0.00016765864699471876, 0.0003124547512174304, 0.000884018320517608, 0.0024158086862420837, 0.007316013687042273, 0.019227398471257973, 0.033752733979073156, 0.04804944405916826, 0.07192555956073435, 0.08162689854365603, 0.08257188364489898, 0.07326682873669209, 0.05495393197631441, 0.03917877746362951, 0.024661062803404996, 0.015729429427140888, 0.008619178625046678, 0.005105967885748253, 0.0029873722555422613, 0.0017146907079005327, 0.0010592978151029958, 0.0005410801789375014, 0.0003429381415801065, 0.00020576288494806392, 0.00014479610422271164, 6.858762831602131e-05, 3.810423795334517e-05, 1.5241695181338068e-05, 7.620847590669034e-06, 0.0]}