{"DegGreedy_private_product": [0.0, 7.620847590669034e-05, 9.907101867869745e-05, 0.0002438671229014091, 0.0006401511976161988, 0.00157751545126849, 0.004343883126681349, 0.012597261067375914, 0.023617006683483335, 0.03888156440759341, 0.06479244621586813, 0.09059663615787347, 0.1020355283914677, 0.09221225584709532, 0.06973075545462167, 0.04538976825002477, 0.026086161302860105, 0.014334814318048453, 0.006592033165928715, 0.0029873722555422613, 0.0012421981572790525, 0.0004648717030308111, 0.00019052118976672585, 0.00010669186626936647, 3.0483390362676136e-05, 2.2862542772007104e-05, 1.5241695181338068e-05, 7.620847590669034e-06, 0.0], "Degree_I_noisy": [0.0, 7.620847590669034e-05, 9.907101867869745e-05, 0.0002438671229014091, 0.0006401511976161988, 0.00157751545126849, 0.004343883126681349, 0.01318406633185743, 0.02665010402456961, 0.04695204200611192, 0.07484434418796058, 0.10292716755957598, 0.10537345963618074, 0.0913815834597124, 0.06423612434174929, 0.03967413255702299, 0.02130788986351062, 0.01066156577934598, 0.004984034324297548, 0.001989041221164618, 0.000884018320517608, 0.00027435051326408523, 9.907101867869745e-05, 3.810423795334517e-05, 1.5241695181338068e-05, 0.0], "List_Length_Noisy": [0.0, 7.620847590669034e-05, 9.907101867869745e-05, 0.0002438671229014091, 0.0006401511976161988, 0.00157751545126849, 0.004343883126681349, 0.01294782005654669, 0.02556794366669461, 0.04577081062955822, 0.07759547016819211, 0.10704242525853726, 0.11084522820628111, 0.09502434860805219, 0.06766550575755036, 0.04125164800829148, 0.022511983782836326, 0.011385546300459537, 0.005464147722509698, 0.0024996380097394434, 0.0007468430638855653, 0.0003353172939894375, 0.00011431271386003551, 8.382932349735938e-05, 2.2862542772007104e-05, 7.620847590669034e-06, 0.0], "NoIntervention": [0.0, 7.620847590669034e-05, 9.907101867869745e-05, 0.0002438671229014091, 0.0006401511976161988, 0.00157751545126849, 0.004343883126681349, 0.012574398524603906, 0.033828942454979846, 0.07005845190102043, 0.11455658098293692, 0.13748771138326005, 0.12156013991876176, 0.08581074387093332, 0.05216470175812954, 0.028357173884879475, 0.015051173991571343, 0.007567501657534351, 0.004000944985101243, 0.0018518659645325754, 0.0008230515397922557, 0.0002972130560360923, 0.000221004580129402, 0.0001600377994040497, 3.0483390362676136e-05, 0.0, 7.620847590669034e-06, 0.0]}