{"I_manual": {"SegDegree": [0.0, 7.620847590669034e-05, 9.907101867869745e-05, 0.0002438671229014091, 0.0006401511976161988, 0.00157751545126849, 0.004343883126681349, 0.012482948353515879, 0.02873821626441293, 0.05807847948848871, 0.09702863152439814, 0.12537056371409627, 0.12132389364345103, 0.09271523178807947, 0.0594349903596278, 0.03331072481881435, 0.01744412013504142, 0.008695387100953368, 0.0039018739664225454, 0.0016232405368125044, 0.0007239805211135583, 0.00018290034217605683, 3.0483390362676136e-05, 0.0, 0, 0, 0, 0, 0, 0, 0, 0], "Random": [0.0, 7.620847590669034e-05, 9.907101867869745e-05, 0.0002438671229014091, 0.0006401511976161988, 0.00157751545126849, 0.004343883126681349, 0.01270395293364528, 0.03199231818562861, 0.06385508196221584, 0.10426843673553372, 0.13082709058901532, 0.11925864394637972, 0.08791409780595798, 0.05525876587994117, 0.0313293044452404, 0.016697277071155855, 0.00789519810393312, 0.0036732485387024746, 0.0016537239271751803, 0.0007468430638855653, 0.0002667296656734162, 6.858762831602131e-05, 0.0, 0, 0, 0, 0, 0, 0, 0, 0], "NoIntervention": [0.0, 7.620847590669034e-05, 9.907101867869745e-05, 0.0002438671229014091, 0.0006401511976161988, 0.00157751545126849, 0.004343883126681349, 0.012368635639655843, 0.031969455642856595, 0.06679672913221409, 0.11013648938034888, 0.1374038820597627, 0.1238921192815065, 0.08993362241748527, 0.054702444005822325, 0.02996517272651064, 0.015683704341596872, 0.008100960988881183, 0.003985703289919905, 0.0018671076597139133, 0.0008154306922015866, 0.0003581798367614446, 0.00020576288494806392, 9.145017108802842e-05, 2.2862542772007104e-05, 3.810423795334517e-05, 2.2862542772007104e-05, 7.620847590669034e-06, 2.2862542772007104e-05, 7.620847590669034e-06, 7.620847590669034e-06, 0.0]}, "I_full": {"DegGreedy_fair": [0.0, 7.620847590669034e-05, 9.907101867869745e-05, 0.0002438671229014091, 0.0006401511976161988, 0.00157751545126849, 0.004343883126681349, 0.012764919714370632, 0.02751888064990588, 0.052713402784657706, 0.09020035208315869, 0.12146106890008307, 0.1217735236513005, 0.09447564758152402, 0.06055525495545615, 0.034118534663425265, 0.017627020477217478, 0.008504865911186642, 0.0034217605682103965, 0.0012879232428230668, 0.00047249255062148014, 0.00011431271386003551, 4.572508554401421e-05, 7.620847590669034e-06, 0.0, 0, 0, 0, 0, 0, 0, 0], "DepRound_fair": [0.0, 7.620847590669034e-05, 9.907101867869745e-05, 0.0002438671229014091, 0.0006401511976161988, 0.00157751545126849, 0.004343883126681349, 0.012848749037867991, 0.0280066148957087, 0.05371173381903535, 0.0888209786692476, 0.12132389364345103, 0.11990641599158658, 0.09424702215380394, 0.06260526295734611, 0.03486537772731083, 0.018320517607968358, 0.008314344721419916, 0.003772319557381172, 0.0014632027374084546, 0.0006020469596628537, 0.00016765864699471876, 2.2862542772007104e-05, 1.5241695181338068e-05, 0.0, 0, 0, 0, 0, 0, 0, 0], "EC": [0.0, 7.620847590669034e-05, 9.907101867869745e-05, 0.0002438671229014091, 0.0006401511976161988, 0.00157751545126849, 0.004343883126681349, 0.012902094971002675, 0.028783941349956942, 0.0582766215258461, 0.09744015729429427, 0.12368635639655842, 0.11934247326987707, 0.09185407601033387, 0.059442611207218464, 0.03353172939894375, 0.017383153354316068, 0.008360069806963931, 0.004107636851370609, 0.001745174098263209, 0.0007697056066575725, 0.00020576288494806392, 0.00010669186626936647, 3.0483390362676136e-05, 0.0, 0, 0, 0, 0, 0, 0, 0], "NoIntervention": [0.0, 7.620847590669034e-05, 9.907101867869745e-05, 0.0002438671229014091, 0.0006401511976161988, 0.00157751545126849, 0.004343883126681349, 0.012757298866779964, 0.033173549562182304, 0.0681456191557625, 0.11087571159664378, 0.13655034712960776, 0.12149917313803642, 0.08848566137525815, 0.05431378077869821, 0.029927068488557296, 0.015043553143980674, 0.007834231323207767, 0.0037646987097905028, 0.0016613447747658495, 0.0009373642536522912, 0.0004877342458028182, 0.00020576288494806392, 9.145017108802842e-05, 4.572508554401421e-05, 1.5241695181338068e-05, 7.620847590669034e-06, 0.0, 1.5241695181338068e-05, 0.0, 0, 0]}, "I_digital": {"DegGreedy_private_product": [0.0, 7.620847590669034e-05, 9.907101867869745e-05, 0.0002438671229014091, 0.0006401511976161988, 0.00157751545126849, 0.004343883126681349, 0.012597261067375914, 0.023617006683483335, 0.03888156440759341, 0.06479244621586813, 0.09059663615787347, 0.1020355283914677, 0.09221225584709532, 0.06973075545462167, 0.04538976825002477, 0.026086161302860105, 0.014334814318048453, 0.006592033165928715, 0.0029873722555422613, 0.0012421981572790525, 0.0004648717030308111, 0.00019052118976672585, 0.00010669186626936647, 3.0483390362676136e-05, 2.2862542772007104e-05, 1.5241695181338068e-05, 7.620847590669034e-06, 0.0, 0, 0, 0], "Degree_I_noisy": [0.0, 7.620847590669034e-05, 9.907101867869745e-05, 0.0002438671229014091, 0.0006401511976161988, 0.00157751545126849, 0.004343883126681349, 0.01318406633185743, 0.02665010402456961, 0.04695204200611192, 0.07484434418796058, 0.10292716755957598, 0.10537345963618074, 0.0913815834597124, 0.06423612434174929, 0.03967413255702299, 0.02130788986351062, 0.01066156577934598, 0.004984034324297548, 0.001989041221164618, 0.000884018320517608, 0.00027435051326408523, 9.907101867869745e-05, 3.810423795334517e-05, 1.5241695181338068e-05, 0.0, 0, 0, 0, 0, 0, 0], "List_Length_Noisy": [0.0, 7.620847590669034e-05, 9.907101867869745e-05, 0.0002438671229014091, 0.0006401511976161988, 0.00157751545126849, 0.004343883126681349, 0.01294782005654669, 0.02556794366669461, 0.04577081062955822, 0.07759547016819211, 0.10704242525853726, 0.11084522820628111, 0.09502434860805219, 0.06766550575755036, 0.04125164800829148, 0.022511983782836326, 0.011385546300459537, 0.005464147722509698, 0.0024996380097394434, 0.0007468430638855653, 0.0003353172939894375, 0.00011431271386003551, 8.382932349735938e-05, 2.2862542772007104e-05, 7.620847590669034e-06, 0.0, 0, 0, 0, 0, 0], "NoIntervention": [0.0, 7.620847590669034e-05, 9.907101867869745e-05, 0.0002438671229014091, 0.0006401511976161988, 0.00157751545126849, 0.004343883126681349, 0.012574398524603906, 0.033828942454979846, 0.07005845190102043, 0.11455658098293692, 0.13748771138326005, 0.12156013991876176, 0.08581074387093332, 0.05216470175812954, 0.028357173884879475, 0.015051173991571343, 0.007567501657534351, 0.004000944985101243, 0.0018518659645325754, 0.0008230515397922557, 0.0002972130560360923, 0.000221004580129402, 0.0001600377994040497, 3.0483390362676136e-05, 0.0, 7.620847590669034e-06, 0.0, 0, 0, 0, 0]}}