{"DegGreedy_private_product": [0.0, 7.620847590669034e-05, 7.620847590669034e-05, 0.00016765864699471876, 0.0003124547512174304, 0.000884018320517608, 0.0024158086862420837, 0.007125492497275547, 0.010806361883568691, 0.014418643641545813, 0.020568667647215724, 0.031862763776587234, 0.04474961705240857, 0.05516731570885314, 0.06170600294164717, 0.05906156882768501, 0.049344988149582, 0.03732691149909693, 0.026718691652885634, 0.017588916239264132, 0.010996883073335417, 0.006340545195436637, 0.0034598648061637417, 0.0019128327452579276, 0.0010059518819683126, 0.0005410801789375014, 0.00027435051326408523, 0.00012193356145070454, 3.0483390362676136e-05, 3.810423795334517e-05, 0.0], "Degree_I_noisy": [0.0, 7.620847590669034e-05, 7.620847590669034e-05, 0.00016765864699471876, 0.0003124547512174304, 0.000884018320517608, 0.0024158086862420837, 0.007285530296679597, 0.011073091549242107, 0.014723477545172574, 0.021330752406282627, 0.03606185079904587, 0.04884201220859784, 0.05711063184447374, 0.0637407692483558, 0.06120302700066301, 0.05182176361654943, 0.03815758388647986, 0.02658913724384426, 0.016041884178358317, 0.01025004000944985, 0.006195749091213925, 0.003086443274220959, 0.0015165486705431379, 0.0007697056066575725, 0.00038866322712412076, 0.00020576288494806392, 0.00012193356145070454, 9.145017108802842e-05, 3.810423795334517e-05, 3.0483390362676136e-05, 2.2862542772007104e-05, 0.0], "List_Length_Noisy": [0.0, 7.620847590669034e-05, 7.620847590669034e-05, 0.00016765864699471876, 0.0003124547512174304, 0.000884018320517608, 0.0024158086862420837, 0.00757512250512502, 0.01081398273115936, 0.014418643641545813, 0.022047112079805517, 0.035025415526714884, 0.05017566053696492, 0.05984651612952393, 0.06366456077244911, 0.06160693192296847, 0.052743886175020384, 0.03953695730039095, 0.028136169304750075, 0.01799282116156959, 0.010882570359475381, 0.006416753671343327, 0.0034293814158010655, 0.0017604157934445468, 0.0009145017108802841, 0.00041152576989612785, 0.000221004580129402, 0.00013717525663204262, 5.334593313468324e-05, 1.5241695181338068e-05, 0.0], "NoIntervention": [0.0, 7.620847590669034e-05, 7.620847590669034e-05, 0.00016765864699471876, 0.0003124547512174304, 0.000884018320517608, 0.0024158086862420837, 0.006973075545462166, 0.018061408789885613, 0.03226666869889269, 0.04716542573865065, 0.07015752291969912, 0.08366928569795533, 0.08324251823287786, 0.0741508470572097, 0.05620375098118413, 0.03850052202805996, 0.023396002103353936, 0.015287420266882082, 0.008276240483466571, 0.005037380257432232, 0.0030483390362676136, 0.0017299324030818708, 0.001089781205465672, 0.0005944261120721847, 0.0003353172939894375, 0.0002591088180827472, 0.00014479610422271164, 0.00010669186626936647, 3.0483390362676136e-05, 4.572508554401421e-05, 0.0, 7.620847590669034e-06, 0.0]}