{"DegGreedy_private_product": [0.0, 0.00013252580940138092, 0.00013252580940138092, 0.00041083000914428087, 0.0006361238851266284, 0.0010867116370913235, 0.0025312429595663755, 0.0055925891567382745, 0.010390023457068263, 0.016486210689531787, 0.023655856978146494, 0.03362179784513034, 0.04527081649151172, 0.0563632267384073, 0.06504366725419776, 0.06573280146308494, 0.060325748439508595, 0.04812012139364141, 0.034165153663676, 0.021508938865844124, 0.012020090912705249, 0.007076878222033741, 0.00319387200657328, 0.0016830777793975377, 0.0007553971135878712, 0.0003445671044435904, 0.00022529387598234756, 0.00011927322846124282, 7.951548564082855e-05, 3.9757742820414275e-05, 2.6505161880276183e-05, 0.0], "Degree_I_noisy": [0.0, 0.00013252580940138092, 0.00013252580940138092, 0.00041083000914428087, 0.0006361238851266284, 0.0010867116370913235, 0.0025312429595663755, 0.0055925891567382745, 0.01035026571424785, 0.017175344898418966, 0.025020872814980718, 0.03881680957366447, 0.054083782816703556, 0.07234583935221385, 0.07989981048809255, 0.07599029911075182, 0.062101594285487095, 0.042739573531945345, 0.026412393813695218, 0.015266973243039082, 0.007606981459639265, 0.003737227825118942, 0.0017890984269186424, 0.0006626290470069046, 0.00025179903786262377, 0.00019878871410207137, 2.6505161880276183e-05, 0.0], "List_Length_Noisy": [0.0, 0.00013252580940138092, 0.00013252580940138092, 0.00041083000914428087, 0.0006361238851266284, 0.0010867116370913235, 0.0025312429595663755, 0.0055925891567382745, 0.010337013133307711, 0.016777767470214824, 0.026107584452072043, 0.040658918324343665, 0.05935831003087851, 0.07687822203374108, 0.08748028678585154, 0.08285513603774335, 0.06418224949308877, 0.04326967676955087, 0.025855785414209416, 0.014816385491074387, 0.00728891951707595, 0.003737227825118942, 0.0016300674556369854, 0.0006626290470069046, 0.0003180619425633142, 0.00018553613316193328, 2.6505161880276183e-05, 0.0, 1.3252580940138092e-05, 0.0], "NoIntervention": [0.0, 0.00013252580940138092, 0.00013252580940138092, 0.00041083000914428087, 0.0006361238851266284, 0.0010867116370913235, 0.0025312429595663755, 0.0055925891567382745, 0.010469538942709092, 0.02048849013345349, 0.03690843791828458, 0.06325456882727912, 0.09388128337993824, 0.1126866957339942, 0.10509296685529507, 0.0783492585180964, 0.04854420398372583, 0.026717203175318394, 0.013822441920564029, 0.006732311117590151, 0.003631207177597837, 0.0017095829412778138, 0.0008481651801688379, 0.0004505877519646951, 0.000145778390341519, 5.3010323760552367e-05, 1.3252580940138092e-05, 0.0, 1.3252580940138092e-05, 0.0]}