{"I_manual": {"SegDegree": [0.0, 0.00013252580940138092, 0.00013252580940138092, 0.00041083000914428087, 0.0006361238851266284, 0.0010867116370913235, 0.0025312429595663755, 0.0055925891567382745, 0.010681580237751303, 0.018500602992432776, 0.030335157771976092, 0.047616523317916166, 0.0716699577242668, 0.0930993811044701, 0.09829439283300423, 0.08567793577799276, 0.060458274248909975, 0.03686868017546417, 0.019971639476788105, 0.010575559590230198, 0.005181759147593994, 0.0022529387598234757, 0.0006361238851266284, 0.00021204129504220947, 9.276806658096664e-05, 3.9757742820414275e-05, 1.3252580940138092e-05, 1.3252580940138092e-05, 0.0, 0, 0, 0], "Random": [0.0, 0.00013252580940138092, 0.00013252580940138092, 0.00041083000914428087, 0.0006361238851266284, 0.0010867116370913235, 0.0025312429595663755, 0.0055925891567382745, 0.010429781199888678, 0.01973309301986562, 0.03435068979683793, 0.05748969611831904, 0.08314669281842639, 0.10400625521820374, 0.10140874935393668, 0.0817949295625323, 0.054030772492943004, 0.03000384324847264, 0.01716209231747883, 0.008137084697244789, 0.0037902381488794943, 0.0017890984269186424, 0.0006096187232463523, 0.0001590309712816571, 5.3010323760552367e-05, 2.6505161880276183e-05, 0.0, 0, 0, 0, 0, 0], "NoIntervention": [0.0, 0.00013252580940138092, 0.00013252580940138092, 0.00041083000914428087, 0.0006361238851266284, 0.0010867116370913235, 0.0025312429595663755, 0.0055925891567382745, 0.010509296685529508, 0.02127039240892164, 0.03978424798229455, 0.06740262666154234, 0.09723418635779318, 0.1137999125329658, 0.10391348715162278, 0.07702400042408258, 0.04590694037663835, 0.025497965728825688, 0.013292338682958506, 0.006162450137164213, 0.0032468823303338323, 0.0013650158368342235, 0.0007288919517075951, 0.00037107226632386657, 0.0001722835522217952, 0.00010602064752110473, 2.6505161880276183e-05, 3.9757742820414275e-05, 2.6505161880276183e-05, 1.3252580940138092e-05, 0.0, 0]}, "I_full": {"DegGreedy_fair": [0.0, 0.00013252580940138092, 0.00013252580940138092, 0.00041083000914428087, 0.0006361238851266284, 0.0010867116370913235, 0.0025312429595663755, 0.0055925891567382745, 0.010297255390487297, 0.017069324250897862, 0.02820149224061386, 0.043481718064593076, 0.06211484686642724, 0.08110579535364512, 0.09100547331592827, 0.08383582702731357, 0.06598460050094757, 0.04328292935049101, 0.02541845024318486, 0.014074240958426654, 0.006546774984428218, 0.0030480936162317613, 0.0009939435705103568, 0.0004903454947851094, 6.626290470069046e-05, 0.0, 0, 0, 0, 0, 0, 0], "DepRound_fair": [0.0, 0.00013252580940138092, 0.00013252580940138092, 0.00041083000914428087, 0.0006361238851266284, 0.0010867116370913235, 0.0025312429595663755, 0.0055925891567382745, 0.010535801847409784, 0.01765243781226394, 0.028705090316339107, 0.04479372357766675, 0.06487138370197595, 0.0828683886186835, 0.09132353525849159, 0.08187444504817314, 0.06264495010403276, 0.04171912479955471, 0.02388115085412884, 0.01277548802629312, 0.005778125289900208, 0.0027962945783691373, 0.0008481651801688379, 0.00025179903786262377, 3.9757742820414275e-05, 0.0, 0, 0, 0, 0, 0, 0], "EC": [0.0, 0.00013252580940138092, 0.00013252580940138092, 0.00041083000914428087, 0.0006361238851266284, 0.0010867116370913235, 0.0025312429595663755, 0.0055925891567382745, 0.010363518295187987, 0.018103025564228634, 0.029341214201465734, 0.048385173012444174, 0.07099407609631976, 0.09088620008746703, 0.09873172800402878, 0.08546589448295056, 0.0616510065335224, 0.037610824708111903, 0.020236691095590866, 0.010893621532793512, 0.005526326252037584, 0.002597505864267066, 0.0010602064752110473, 0.000291556780683038, 6.626290470069046e-05, 0.0, 2.6505161880276183e-05, 0.0, 0, 0, 0, 0], "NoIntervention": [0.0, 0.00013252580940138092, 0.00013252580940138092, 0.00041083000914428087, 0.0006361238851266284, 0.0010867116370913235, 0.0025312429595663755, 0.0055925891567382745, 0.010323760552367573, 0.020806552076016803, 0.03932040764938972, 0.0672170905283804, 0.09723418635779318, 0.11458181480843395, 0.10303881680957366, 0.07498310295930133, 0.04593344553851863, 0.02486184184369906, 0.012881508673814225, 0.006719058536650013, 0.0030745987781120375, 0.0016300674556369854, 0.0008746703420491141, 0.00039757742820414275, 0.00026505161880276183, 9.276806658096664e-05, 5.3010323760552367e-05, 3.9757742820414275e-05, 2.6505161880276183e-05, 1.3252580940138092e-05, 0.0, 0]}, "I_digital": {"DegGreedy_private_product": [0.0, 0.00013252580940138092, 0.00013252580940138092, 0.00041083000914428087, 0.0006361238851266284, 0.0010867116370913235, 0.0025312429595663755, 0.0055925891567382745, 0.010390023457068263, 0.016486210689531787, 0.023655856978146494, 0.03362179784513034, 0.04527081649151172, 0.0563632267384073, 0.06504366725419776, 0.06573280146308494, 0.060325748439508595, 0.04812012139364141, 0.034165153663676, 0.021508938865844124, 0.012020090912705249, 0.007076878222033741, 0.00319387200657328, 0.0016830777793975377, 0.0007553971135878712, 0.0003445671044435904, 0.00022529387598234756, 0.00011927322846124282, 7.951548564082855e-05, 3.9757742820414275e-05, 2.6505161880276183e-05, 0.0], "Degree_I_noisy": [0.0, 0.00013252580940138092, 0.00013252580940138092, 0.00041083000914428087, 0.0006361238851266284, 0.0010867116370913235, 0.0025312429595663755, 0.0055925891567382745, 0.01035026571424785, 0.017175344898418966, 0.025020872814980718, 0.03881680957366447, 0.054083782816703556, 0.07234583935221385, 0.07989981048809255, 0.07599029911075182, 0.062101594285487095, 0.042739573531945345, 0.026412393813695218, 0.015266973243039082, 0.007606981459639265, 0.003737227825118942, 0.0017890984269186424, 0.0006626290470069046, 0.00025179903786262377, 0.00019878871410207137, 2.6505161880276183e-05, 0.0, 0, 0, 0, 0], "List_Length_Noisy": [0.0, 0.00013252580940138092, 0.00013252580940138092, 0.00041083000914428087, 0.0006361238851266284, 0.0010867116370913235, 0.0025312429595663755, 0.0055925891567382745, 0.010337013133307711, 0.016777767470214824, 0.026107584452072043, 0.040658918324343665, 0.05935831003087851, 0.07687822203374108, 0.08748028678585154, 0.08285513603774335, 0.06418224949308877, 0.04326967676955087, 0.025855785414209416, 0.014816385491074387, 0.00728891951707595, 0.003737227825118942, 0.0016300674556369854, 0.0006626290470069046, 0.0003180619425633142, 0.00018553613316193328, 2.6505161880276183e-05, 0.0, 1.3252580940138092e-05, 0.0, 0, 0], "NoIntervention": [0.0, 0.00013252580940138092, 0.00013252580940138092, 0.00041083000914428087, 0.0006361238851266284, 0.0010867116370913235, 0.0025312429595663755, 0.0055925891567382745, 0.010469538942709092, 0.02048849013345349, 0.03690843791828458, 0.06325456882727912, 0.09388128337993824, 0.1126866957339942, 0.10509296685529507, 0.0783492585180964, 0.04854420398372583, 0.026717203175318394, 0.013822441920564029, 0.006732311117590151, 0.003631207177597837, 0.0017095829412778138, 0.0008481651801688379, 0.0004505877519646951, 0.000145778390341519, 5.3010323760552367e-05, 1.3252580940138092e-05, 0.0, 1.3252580940138092e-05, 0.0, 0, 0]}}