{"I_manual": {"SegDegree": [0.0, 0.00013252580940138092, 9.276806658096664e-05, 0.0001590309712816571, 0.00026505161880276183, 0.0006891342088871808, 0.0010602064752110473, 0.0021204129504220947, 0.0035649442728971467, 0.005990166584942417, 0.007408192745537194, 0.009449090210318459, 0.013385106749539473, 0.01779821620260546, 0.024278728282332983, 0.03334349364538744, 0.04312389837920935, 0.052599493751408086, 0.05640298448122772, 0.05688007739507269, 0.04997548272526074, 0.04067217090528381, 0.029049657420782696, 0.018805412354055952, 0.012218879626807322, 0.00750096081211816, 0.004558887843407504, 0.0025444955405065136, 0.0012457426083729807, 0.00042408259008441893, 0.00010602064752110473, 1.3252580940138092e-05, 0.0, 0, 0, 0, 0, 0, 0, 0, 0, 0, 0, 0, 0], "Random": [0.0, 0.00013252580940138092, 9.276806658096664e-05, 0.0001590309712816571, 0.00026505161880276183, 0.0006891342088871808, 0.0010602064752110473, 0.0021204129504220947, 0.0035649442728971467, 0.0058178830327206225, 0.008375631154167274, 0.011980333169884835, 0.01700306134619717, 0.025842532833269278, 0.03633857693785865, 0.04894178141192997, 0.06174377460010337, 0.0673893740806022, 0.06316180076069815, 0.05285129278927071, 0.03958545926819248, 0.02743284254608585, 0.017453649098161866, 0.011224936056296963, 0.006308228527505732, 0.003578196853837285, 0.0018951190744397471, 0.0008614177611089759, 0.00021204129504220947, 5.3010323760552367e-05, 3.9757742820414275e-05, 2.6505161880276183e-05, 1.3252580940138092e-05, 0.0, 0, 0, 0, 0, 0, 0, 0, 0, 0, 0, 0], "NoIntervention": [0.0, 0.00013252580940138092, 9.276806658096664e-05, 0.0001590309712816571, 0.00026505161880276183, 0.0006891342088871808, 0.0010602064752110473, 0.0021204129504220947, 0.0035649442728971467, 0.006294975946565594, 0.009594868600659978, 0.016631989079873306, 0.027194296089163364, 0.041652861894854024, 0.057887273546523184, 0.0726771538757173, 0.07723604171912479, 0.07095431835349934, 0.05571385027234054, 0.03933366023032986, 0.02556422863352638, 0.016313927137309992, 0.009396079886557907, 0.005658852061438965, 0.0033529029778549373, 0.0018421087506791949, 0.0010734590561511854, 0.000715639370767457, 0.0004770929138449713, 0.00027830419974289995, 0.00018553613316193328, 0.00010602064752110473, 5.3010323760552367e-05, 2.6505161880276183e-05, 2.6505161880276183e-05, 1.3252580940138092e-05, 3.9757742820414275e-05, 5.3010323760552367e-05, 2.6505161880276183e-05, 1.3252580940138092e-05, 0.0, 0, 0, 0, 0]}, "I_full": {"DegGreedy_fair": [0.0, 0.00013252580940138092, 9.276806658096664e-05, 0.0001590309712816571, 0.00026505161880276183, 0.0006891342088871808, 0.0010602064752110473, 0.0021204129504220947, 0.0035649442728971467, 0.006003419165882555, 0.0069045946698119455, 0.008428641477927826, 0.01056230700929006, 0.01347787481612044, 0.01681752521303524, 0.02146918112302371, 0.027777409650529442, 0.033356746226327574, 0.03815418052665757, 0.042660058046304516, 0.04520455358681103, 0.04175888254237513, 0.03710722663238666, 0.030586956809838715, 0.022873954702678348, 0.016724757146454272, 0.011953828008004558, 0.0068913420888718074, 0.004187815577083637, 0.002438474892985409, 0.001007196151450495, 0.0004505877519646951, 0.0001590309712816571, 3.9757742820414275e-05, 0.0, 0, 0, 0, 0, 0, 0, 0, 0, 0, 0], "DepRound_fair": [0.0, 0.00013252580940138092, 9.276806658096664e-05, 0.0001590309712816571, 0.00026505161880276183, 0.0006891342088871808, 0.0010602064752110473, 0.0021204129504220947, 0.0035649442728971467, 0.006003419165882555, 0.00750096081211816, 0.009091270524934731, 0.013292338682958506, 0.0165259684323522, 0.022370356626953098, 0.029420729687106566, 0.03547715917674967, 0.040738433809984494, 0.04684787362338815, 0.04649005393800443, 0.04578766714817711, 0.03998303669639662, 0.032203771684535566, 0.024106444730111188, 0.016684999403633858, 0.011542997998860278, 0.006798574022290841, 0.004015532024861842, 0.0019613819791404375, 0.000715639370767457, 0.00026505161880276183, 0.00010602064752110473, 7.951548564082855e-05, 2.6505161880276183e-05, 1.3252580940138092e-05, 0.0, 0, 0, 0, 0, 0, 0, 0, 0, 0], "EC": [0.0, 0.00013252580940138092, 9.276806658096664e-05, 0.0001590309712816571, 0.00026505161880276183, 0.0006891342088871808, 0.0010602064752110473, 0.0021204129504220947, 0.0035649442728971467, 0.006003419165882555, 0.007885285659382164, 0.010893621532793512, 0.016221159070729026, 0.02202578952250951, 0.031289343599666036, 0.04138781027605126, 0.05192361212346104, 0.05771498999430139, 0.05938481519275879, 0.05331513312217554, 0.043481718064593076, 0.03303868428376426, 0.02305949083584028, 0.014418808062870244, 0.008786461163311554, 0.004982970433491923, 0.0027962945783691373, 0.0014842890652954663, 0.0004903454947851094, 0.00021204129504220947, 3.9757742820414275e-05, 3.9757742820414275e-05, 1.3252580940138092e-05, 0.0, 0, 0, 0, 0, 0, 0, 0, 0, 0, 0, 0], "NoIntervention": [0.0, 0.00013252580940138092, 9.276806658096664e-05, 0.0001590309712816571, 0.00026505161880276183, 0.0006891342088871808, 0.0010602064752110473, 0.0021204129504220947, 0.0035649442728971467, 0.006215460460924765, 0.010787600885272407, 0.017745205878844907, 0.028771353221039797, 0.042607047722543964, 0.058112567422505534, 0.07147116901016473, 0.0765734126721179, 0.07096757093443948, 0.05426931894986549, 0.0388963250593053, 0.025908795737969968, 0.0156910558331235, 0.010018951190744398, 0.005261274633234823, 0.003313145235034523, 0.001868613912559471, 0.001152974541792014, 0.0006493764660667665, 0.00041083000914428087, 0.00018553613316193328, 6.626290470069046e-05, 2.6505161880276183e-05, 0.0, 0, 0, 0, 0, 0, 0, 0, 0, 0, 0, 0, 0]}, "I_digital": {"DegGreedy_private_product": [0.0, 0.00013252580940138092, 9.276806658096664e-05, 0.0001590309712816571, 0.00026505161880276183, 0.0006891342088871808, 0.0010602064752110473, 0.0021204129504220947, 0.0035649442728971467, 0.006162450137164213, 0.005248022052294684, 0.006414249175026836, 0.007328677259896364, 0.007872033078442026, 0.008773208582371416, 0.010151477000145778, 0.011569503160740555, 0.01354413772082113, 0.014405555481930106, 0.015386246471500324, 0.016777767470214824, 0.01582358164252488, 0.017506659421922418, 0.016618736498933168, 0.016035622937567093, 0.015465761957141153, 0.014895900976715216, 0.01236465801714884, 0.01000569860980426, 0.00861417761108976, 0.007076878222033741, 0.0049432126906715085, 0.0040685423486223945, 0.002332454245464304, 0.001603562293756709, 0.001312005513073671, 0.0007023867898273188, 0.0006758816279470427, 0.0003313145235034523, 0.000291556780683038, 0.00025179903786262377, 5.3010323760552367e-05, 6.626290470069046e-05, 2.6505161880276183e-05, 0.0], "Degree_I_noisy": [0.0, 0.00013252580940138092, 9.276806658096664e-05, 0.0001590309712816571, 0.00026505161880276183, 0.0006891342088871808, 0.0010602064752110473, 0.0021204129504220947, 0.0035649442728971467, 0.006400996594086698, 0.005923903680241727, 0.007355182421776641, 0.009131028267755146, 0.011052652504075168, 0.013941715149025273, 0.01722835522217952, 0.02268841856951641, 0.028652079992578555, 0.03437719495871821, 0.03894933538306585, 0.03934691281126999, 0.03921438700186861, 0.03396636494957393, 0.02930145645864532, 0.022370356626953098, 0.016313927137309992, 0.011198430894416687, 0.007010615317333051, 0.004426362034006123, 0.002464980054865685, 0.001166227122732152, 0.0006891342088871808, 0.00022529387598234756, 0.00011927322846124282, 5.3010323760552367e-05, 5.3010323760552367e-05, 1.3252580940138092e-05, 2.6505161880276183e-05, 0.0, 1.3252580940138092e-05, 0.0, 0, 0, 0, 0],