{"DegGreedy_private": [0.0, 0.00013252580940138092, 9.276806658096664e-05, 0.0001590309712816571, 0.00026505161880276183, 0.0006891342088871808, 0.0010602064752110473, 0.0021204129504220947, 0.0035649442728971467, 0.006679300793829598, 0.008097326954424375, 0.010933379275613926, 0.01396822031090555, 0.019401778496362168, 0.02446426441549492, 0.03130259618060617, 0.03815418052665757, 0.04464794518732523, 0.0451250381011702, 0.04676835813774732, 0.040089057343917725, 0.033847091721112686, 0.026823223822839498, 0.019282505267900922, 0.013464622235180301, 0.00833587341134686, 0.005102243661953165, 0.0029685781305909325, 0.001603562293756709, 0.0008746703420491141, 0.000583113561366076, 0.00039757742820414275, 0.00013252580940138092, 0.000145778390341519, 6.626290470069046e-05, 1.3252580940138092e-05, 1.3252580940138092e-05, 2.6505161880276183e-05, 1.3252580940138092e-05, 1.3252580940138092e-05, 0.0], "Degree_V2_private": [0.0, 0.00013252580940138092, 9.276806658096664e-05, 0.0001590309712816571, 0.00026505161880276183, 0.0006891342088871808, 0.0010602064752110473, 0.0021204129504220947, 0.0035649442728971467, 0.006825079184171117, 0.007832275335621612, 0.010244245066726745, 0.014962163881415906, 0.02048849013345349, 0.025405197662244722, 0.03261460169367984, 0.03958545926819248, 0.04606597134792001, 0.048438183336204726, 0.04603946618603973, 0.04162635673297375, 0.034138648501795724, 0.025789522509508726, 0.019136726877559403, 0.012894761254754363, 0.008415388896987688, 0.004823939462210265, 0.002889062644950104, 0.0016698251984573996, 0.0009939435705103568, 0.0005566083994857999, 0.00037107226632386657, 0.00022529387598234756, 0.00021204129504220947, 0.00011927322846124282, 9.276806658096664e-05, 5.3010323760552367e-05, 7.951548564082855e-05, 1.3252580940138092e-05, 0.0, 0], "Degree_I_private": [0.0, 0.00013252580940138092, 9.276806658096664e-05, 0.0001590309712816571, 0.00026505161880276183, 0.0006891342088871808, 0.0010602064752110473, 0.0021204129504220947, 0.0035649442728971467, 0.006188955299044489, 0.006546774984428218, 0.008163589859125065, 0.01200683833176511, 0.016764514889274686, 0.0248750944246392, 0.032283287170176395, 0.043786527426216255, 0.05312959698901361, 0.05821858807002664, 0.055236757358495564, 0.04619849715732139, 0.03612653564281644, 0.02541845024318486, 0.016777767470214824, 0.009833415057582465, 0.006082934651523384, 0.003644459758537975, 0.0016830777793975377, 0.0007951548564082855, 0.0003445671044435904, 0.00018553613316193328, 0.00010602064752110473, 5.3010323760552367e-05, 2.6505161880276183e-05, 2.6505161880276183e-05, 1.3252580940138092e-05, 0.0, 0, 0, 0, 0], "NoIntervention": [0.0, 0.00013252580940138092, 9.276806658096664e-05, 0.0001590309712816571, 0.00026505161880276183, 0.0006891342088871808, 0.0010602064752110473, 0.0021204129504220947, 0.0035649442728971467, 0.00653352240348808, 0.010522549266469646, 0.01793074201200684, 0.027830419974289995, 0.0411227586572485, 0.055819870919861646, 0.07170971546708721, 0.07689147461468121, 0.07029168930649243, 0.05571385027234054, 0.039134871516227784, 0.025802775090448864, 0.016022370356626955, 0.009223796334336112, 0.005844388194600899, 0.0034456710444359037, 0.002160170693242509, 0.001166227122732152, 0.0006891342088871808, 0.00042408259008441893, 0.00025179903786262377, 0.000145778390341519, 5.3010323760552367e-05, 6.626290470069046e-05, 7.951548564082855e-05, 1.3252580940138092e-05, 1.3252580940138092e-05, 1.3252580940138092e-05, 1.3252580940138092e-05, 0.0, 0, 0], "Random": [0.0, 0.00013252580940138092, 9.276806658096664e-05, 0.0001590309712816571, 0.00026505161880276183, 0.0006891342088871808, 0.0010602064752110473, 0.0021204129504220947, 0.0035649442728971467, 0.006135944975283937, 0.007063625641093603, 0.009634626343480392, 0.013862199663384443, 0.019348768172601616, 0.027777409650529442, 0.03660362855666141, 0.04611898167168056, 0.05513073671097446, 0.057410180632678214, 0.05462713863524921, 0.04751050267039506, 0.03549041175768981, 0.025497965728825688, 0.01716209231747883, 0.009899677962283155, 0.005632346899558689, 0.002875810064009966, 0.0014180261605947757, 0.000583113561366076, 0.0003843248472640047, 0.00022529387598234756, 9.276806658096664e-05, 5.3010323760552367e-05, 0.0, 0, 0, 0, 0, 0, 0, 0], "List_Length": [0.0, 0.00013252580940138092, 9.276806658096664e-05, 0.0001590309712816571, 0.00026505161880276183, 0.0006891342088871808, 0.0010602064752110473, 0.0021204129504220947, 0.0035649442728971467, 0.006546774984428218, 0.007527465973998436, 0.010655075075871026, 0.014432060643810382, 0.02035596432405211, 0.027446095127025987, 0.03898909312588627, 0.04812012139364141, 0.055117484130034325, 0.05800654677498443, 0.0539247518454219, 0.04263355288442424, 0.03230979233205667, 0.022701671150456553, 0.014856143233894802, 0.009051512782114317, 0.005088991081013027, 0.002716779092728309, 0.001298752932133533, 0.0004903454947851094, 0.0003180619425633142, 6.626290470069046e-05, 1.3252580940138092e-05, 1.3252580940138092e-05, 0.0, 0, 0, 0, 0, 0, 0, 0]}