{"DegGreedy_private_product": [0.0, 0.00013252580940138092, 9.276806658096664e-05, 0.0001590309712816571, 0.00026505161880276183, 0.0006891342088871808, 0.0010602064752110473, 0.0021204129504220947, 0.0035649442728971467, 0.006162450137164213, 0.005248022052294684, 0.006414249175026836, 0.007328677259896364, 0.007872033078442026, 0.008773208582371416, 0.010151477000145778, 0.011569503160740555, 0.01354413772082113, 0.014405555481930106, 0.015386246471500324, 0.016777767470214824, 0.01582358164252488, 0.017506659421922418, 0.016618736498933168, 0.016035622937567093, 0.015465761957141153, 0.014895900976715216, 0.01236465801714884, 0.01000569860980426, 0.00861417761108976, 0.007076878222033741, 0.0049432126906715085, 0.0040685423486223945, 0.002332454245464304, 0.001603562293756709, 0.001312005513073671, 0.0007023867898273188, 0.0006758816279470427, 0.0003313145235034523, 0.000291556780683038, 0.00025179903786262377, 5.3010323760552367e-05, 6.626290470069046e-05, 2.6505161880276183e-05, 0.0], "Degree_I_noisy": [0.0, 0.00013252580940138092, 9.276806658096664e-05, 0.0001590309712816571, 0.00026505161880276183, 0.0006891342088871808, 0.0010602064752110473, 0.0021204129504220947, 0.0035649442728971467, 0.006400996594086698, 0.005923903680241727, 0.007355182421776641, 0.009131028267755146, 0.011052652504075168, 0.013941715149025273, 0.01722835522217952, 0.02268841856951641, 0.028652079992578555, 0.03437719495871821, 0.03894933538306585, 0.03934691281126999, 0.03921438700186861, 0.03396636494957393, 0.02930145645864532, 0.022370356626953098, 0.016313927137309992, 0.011198430894416687, 0.007010615317333051, 0.004426362034006123, 0.002464980054865685, 0.001166227122732152, 0.0006891342088871808, 0.00022529387598234756, 0.00011927322846124282, 5.3010323760552367e-05, 5.3010323760552367e-05, 1.3252580940138092e-05, 2.6505161880276183e-05, 0.0, 1.3252580940138092e-05, 0.0], "List_Length_Noisy": [0.0, 0.00013252580940138092, 9.276806658096664e-05, 0.0001590309712816571, 0.00026505161880276183, 0.0006891342088871808, 0.0010602064752110473, 0.0021204129504220947, 0.0035649442728971467, 0.006520269822547942, 0.006228713041864903, 0.007766012430920921, 0.010323760552367573, 0.013835694501504167, 0.016857282955855653, 0.022052294684389784, 0.029314709039585458, 0.03641809242349948, 0.042832341598526315, 0.045390089719972965, 0.045827424890997524, 0.0411227586572485, 0.033939859787693656, 0.02612083703301218, 0.018116278145168772, 0.013279086102018368, 0.008918986972712937, 0.005314284956995375, 0.0029553255496507945, 0.0011132167989715998, 0.0004903454947851094, 0.0003313145235034523, 6.626290470069046e-05, 3.9757742820414275e-05, 1.3252580940138092e-05, 0.0], "NoIntervention": [0.0, 0.00013252580940138092, 9.276806658096664e-05, 0.0001590309712816571, 0.00026505161880276183, 0.0006891342088871808, 0.0010602064752110473, 0.0021204129504220947, 0.0035649442728971467, 0.006281723365625456, 0.010018951190744398, 0.016512715851412063, 0.027167790927283088, 0.041560093828273054, 0.05770173741336125, 0.07025193156367203, 0.07520839683528367, 0.06890016830777794, 0.05633672157652703, 0.04060590800058311, 0.026584677365917013, 0.016711504565514134, 0.009899677962283155, 0.00520826430947427, 0.003154114263752866, 0.0017228355222179519, 0.0008349125992286998, 0.0006096187232463523, 0.0003578196853837285, 0.00022529387598234756, 0.00013252580940138092, 6.626290470069046e-05, 1.3252580940138092e-05, 1.3252580940138092e-05, 1.3252580940138092e-05, 0.0]}