{"DegGreedy_private_product": [0, 10, 7, 12, 20, 52, 80, 160, 0.0035649442728971467, 0.006573280146308494, 0.005566083994857998, 0.006546774984428218, 0.007037120479213327, 0.00797805372596313, 0.009449090210318459, 0.009687636667240946, 0.01056230700929006, 0.011728534132022211, 0.012974276740395191, 0.013292338682958506, 0.014789880329194111, 0.015293478404919358, 0.01647295810859165, 0.016857282955855653, 0.01714883973653869, 0.01606212809944737, 0.015598287766542535, 0.015081437109877149, 0.012921266416634639, 0.011158673151596273, 0.008375631154167274, 0.006838331765111255, 0.005314284956995375, 0.0036709649204182512, 0.0025577481214466517, 0.00201439230290099, 0.0014577839034151901, 0.0008614177611089759, 0.0007686496945280094, 0.00041083000914428087, 0.0003843248472640047, 0.00022529387598234756, 0.000145778390341519, 3.9757742820414275e-05, 5.3010323760552367e-05, 0.0], "Degree_I_noisy": [0, 10, 7, 12, 20, 52, 80, 160, 0.0035649442728971467, 0.0062684707846853175, 0.005751620128019932, 0.006493764660667665, 0.0069178472507520836, 0.007447950488357608, 0.008839471487072108, 0.012126111560226353, 0.014829638072014525, 0.018235551373630015, 0.021575201770544814, 0.026213605099593147, 0.030467683581377473, 0.03396636494957393, 0.03537113852922857, 0.03448321560623931, 0.029646023563088913, 0.025232914110022927, 0.019401778496362168, 0.015439256795260876, 0.011092410246895583, 0.00750096081211816, 0.00458539300528778, 0.0029950832924712087, 0.0013385106749539473, 0.000715639370767457, 0.00026505161880276183, 0.00018553613316193328, 5.3010323760552367e-05, 1.3252580940138092e-05, 5.3010323760552367e-05, 2.6505161880276183e-05, 1.3252580940138092e-05, 0.0], "List_Length_Noisy": [0, 10, 7, 12, 20, 52, 80, 160, 0.0035649442728971467, 0.0064540069178472504, 0.005990166584942417, 0.007620234040579403, 0.008693693096730588, 0.011158673151596273, 0.014193514186887897, 0.018447592668672224, 0.025113640881561684, 0.030653219714539406, 0.03754456180341122, 0.0422359754562201, 0.04364074903587473, 0.04202393416117789, 0.036696396623242374, 0.03077249294300065, 0.02250288243635448, 0.016658494241753582, 0.01103939992313503, 0.007209404031435122, 0.004095047510502671, 0.0020806552076016805, 0.0009144280848695283, 0.00030480936162317613, 0.000145778390341519, 0.00013252580940138092, 2.6505161880276183e-05, 0.0], "NoIntervention": [0, 10, 7, 12, 20, 52, 80, 160, 0.0035649442728971467, 0.0064540069178472504, 0.010668327656811165, 0.017811468783545597, 0.028148481916853308, 0.04010230992485787, 0.05591263898644261, 0.07022542640179175, 0.07593728878699127, 0.07172296804802736, 0.056588520614389654, 0.03975774282041428, 0.025935300899850244, 0.01673800972739441, 0.008985249877413627, 0.005115496242893303, 0.0026505161880276185, 0.0018951190744397471, 0.0011132167989715998, 0.0005301032376055237, 0.0003843248472640047, 0.00026505161880276183, 7.951548564082855e-05, 0.00011927322846124282, 5.3010323760552367e-05, 0.0, 1.3252580940138092e-05, 0.0]}