{"I_manual": {"SegDegree": [0, 10, 7, 12, 20, 52, 80, 160, 0.0035649442728971467, 0.006228713041864903, 0.006798574022290841, 0.009329816981857217, 0.012934518997574777, 0.018169288468929325, 0.024437759253614643, 0.03454947851094001, 0.04493950196800827, 0.05470665412089004, 0.05743668579455849, 0.055819870919861646, 0.049220085611672876, 0.03994327895357621, 0.028121976754973032, 0.019136726877559403, 0.012788740607233258, 0.007620234040579403, 0.004545635262467366, 0.002305949083584028, 0.001298752932133533, 0.0005035980757252475, 0.00011927322846124282, 0.00010602064752110473, 1.3252580940138092e-05, 0.0, 0, 0, 0, 0, 0, 0, 0, 0, 0, 0, 0], "Random": [0, 10, 7, 12, 20, 52, 80, 160, 0.0035649442728971467, 0.006294975946565594, 0.008229852763825755, 0.011900817684244006, 0.018050015240468082, 0.026571424784976875, 0.03792888665067522, 0.05070437467696834, 0.05951734100216017, 0.06737612149966206, 0.0626582026849729, 0.05283804020833057, 0.038750546668963784, 0.026001563804550935, 0.016433200365771235, 0.009661131505360668, 0.005923903680241727, 0.002875810064009966, 0.001577057131876433, 0.00046384033290483323, 0.00021204129504220947, 5.3010323760552367e-05, 1.3252580940138092e-05, 0.0, 0, 0, 0, 0, 0, 0, 0, 0, 0, 0, 0, 0, 0], "NoIntervention": [0, 10, 7, 12, 20, 52, 80, 160, 0.0035649442728971467, 0.006294975946565594, 0.010827358628092821, 0.018010257497647668, 0.0296062658202685, 0.043349192255191696, 0.061372702333779505, 0.07283618484699896, 0.07701074784314245, 0.06827729700359145, 0.05436208701644645, 0.037531309222471075, 0.02494135732933989, 0.01521396291927853, 0.008759956001431278, 0.005433558185456618, 0.003180619425633142, 0.0019878871410207136, 0.001139721960851876, 0.0006626290470069046, 0.0003578196853837285, 0.00019878871410207137, 7.951548564082855e-05, 5.3010323760552367e-05, 1.3252580940138092e-05, 1.3252580940138092e-05, 1.3252580940138092e-05, 0.0, 0, 0, 0, 0, 0, 0, 0, 0, 0]}, "I_full": {"DegGreedy_fair": [0, 10, 7, 12, 20, 52, 80, 160, 0.0035649442728971467, 0.006215460460924765, 0.007885285659382164, 0.009740646991001498, 0.012801993188173396, 0.01659223133705289, 0.021098108856699844, 0.02561723895728693, 0.030852008428641477, 0.03769034019375273, 0.04198417641835747, 0.045681646500656, 0.04410458936877957, 0.04006255218203745, 0.03412539592085559, 0.026452151556515632, 0.01908371655379885, 0.013173065454497264, 0.008667187934850312, 0.005049233338192613, 0.0027962945783691373, 0.001312005513073671, 0.0006096187232463523, 0.0001722835522217952, 6.626290470069046e-05, 2.6505161880276183e-05, 2.6505161880276183e-05, 0.0, 0, 0, 0, 0, 0, 0, 0, 0, 0], "DepRound_fair": [0, 10, 7, 12, 20, 52, 80, 160, 0.0035649442728971467, 0.00632148110844587, 0.007182898869554846, 0.00882621890613197, 0.010827358628092821, 0.014962163881415906, 0.020992088209178736, 0.027446095127025987, 0.035053076586665254, 0.04076493897186477, 0.045999708443219316, 0.04945863206859536, 0.04731171395629299, 0.040870959619385874, 0.03382058655923241, 0.024411254091734367, 0.0173608810315809, 0.011436977351339174, 0.007103383383914017, 0.0038830062154604607, 0.001881866493499609, 0.0009674384086300807, 0.00026505161880276183, 0.00011927322846124282, 2.6505161880276183e-05, 3.9757742820414275e-05, 0.0, 2.6505161880276183e-05, 0.0, 0, 0, 0, 0, 0, 0, 0, 0], "EC": [0, 10, 7, 12, 20, 52, 80, 160, 0.0035649442728971467, 0.006109439813403661, 0.008322620830406722, 0.012377910598088978, 0.018103025564228634, 0.026306373166174114, 0.03529162304358774, 0.045482857786553935, 0.05506447380627377, 0.06214135202830751, 0.05825834581284705, 0.051897106961580765, 0.04049988735306201, 0.028214744821554, 0.018089772983288496, 0.011702028970141935, 0.006838331765111255, 0.0038565010535801846, 0.002173423274182647, 0.0013252580940138093, 0.0005301032376055237, 0.00018553613316193328, 7.951548564082855e-05, 1.3252580940138092e-05, 0.0, 0, 0, 0, 0, 0, 0, 0, 0, 0, 0, 0, 0], "NoIntervention": [0, 10, 7, 12, 20, 52, 80, 160, 0.0035649442728971467, 0.006400996594086698, 0.010230992485786607, 0.01765243781226394, 0.027764157069589304, 0.041825145447075815, 0.057675232251480975, 0.07189525160024915, 0.07841552142279709, 0.0710073286772599, 0.0562572060908862, 0.039877016048875516, 0.025670249281047483, 0.015015174205176458, 0.008640682772970035, 0.004770929138449713, 0.0028360523211895514, 0.001590309712816571, 0.0010734590561511854, 0.000583113561366076, 0.00041083000914428087, 0.00026505161880276183, 0.00011927322846124282, 6.626290470069046e-05, 6.626290470069046e-05, 5.3010323760552367e-05, 3.9757742820414275e-05, 2.6505161880276183e-05, 2.6505161880276183e-05, 3.9757742820414275e-05, 2.6505161880276183e-05, 1.3252580940138092e-05, 0.0, 1.3252580940138092e-05, 0.0, 0, 0]}, "I_digital": {"DegGreedy_private_product": [0.0, 0.00013252580940138092, 9.276806658096664e-05, 0.0001590309712816571, 0.00026505161880276183, 0.0006891342088871808, 0.0010602064752110473, 0.0021204129504220947, 0.0035649442728971467, 0.006162450137164213, 0.005248022052294684, 0.006414249175026836, 0.007328677259896364, 0.007872033078442026, 0.008773208582371416, 0.010151477000145778, 0.011569503160740555, 0.01354413772082113, 0.014405555481930106, 0.015386246471500324, 0.016777767470214824, 0.01582358164252488, 0.017506659421922418, 0.016618736498933168, 0.016035622937567093, 0.015465761957141153, 0.014895900976715216, 0.01236465801714884, 0.01000569860980426, 0.00861417761108976, 0.007076878222033741, 0.0049432126906715085, 0.0040685423486223945, 0.002332454245464304, 0.001603562293756709, 0.001312005513073671, 0.0007023867898273188, 0.0006758816279470427, 0.0003313145235034523, 0.000291556780683038, 0.00025179903786262377, 5.3010323760552367e-05, 6.626290470069046e-05, 2.6505161880276183e-05, 0.0], "Degree_I_noisy": [0.0, 0.00013252580940138092, 9.276806658096664e-05, 0.0001590309712816571, 0.00026505161880276183, 0.0006891342088871808, 0.0010602064752110473, 0.0021204129504220947, 0.0035649442728971467, 0.006400996594086698, 0.005923903680241727, 0.007355182421776641, 0.009131028267755146, 0.011052652504075168, 0.013941715149025273, 0.01722835522217952, 0.02268841856951641, 0.028652079992578555, 0.03437719495871821, 0.03894933538306585, 0.03934691281126999, 0.03921438700186861, 0.03396636494957393, 0.02930145645864532, 0.022370356626953098, 0.016313927137309992, 0.011198430894416687, 0.007010615317333051, 0.004426362034006123, 0.002464980054865685, 0.001166227122732152, 0.0006891342088871808, 0.00022529387598234756, 0.00011927322846124282, 5.3010323760552367e-05, 5.3010323760552367e-05, 1.3252580940138092e-05, 2.6505161880276183e-05, 0.0, 1.3252580940138092e-05, 0.0, 0, 0, 0, 0], "List_Length_Noisy": [0.0, 0.00013252580940138092, 9.276806658096664e-05, 0.0001590309712816571, 0.00026505161880276183, 0.0006891342088871808, 0.0010602064752110473, 0.0021204129504220947, 0.0035649442728971467, 0.006520269822547942, 0.006228713041864903, 0.007766012430920921, 0.010323760552367573, 0.013835694501504167, 0.016857282955855653, 0.022052294684389784, 0.029314709039585458, 0.03641809242349948, 0.042832341598526315, 0.045390089719972965, 0.045827424890997524, 0.0411227586572485, 0.033939859787693656, 0.02612083703301218, 0.018116278145168772, 0.013279086102018368, 0.008918986972712937, 0.005314284956995375, 0.0029553255496507945, 0.0011132167989715998, 0.0004903454947851094, 0.0003313145235034523, 6.626290470069046e-05, 3.9757742820414275e-05, 1.3252580940138092e-05, 0.0, 0, 0, 0, 0, 0, 0, 0, 0, 0],