G,budget,policy,transmission_rate,transmission_known,compliance_rate,compliance_known,snitch_rate,from_cache,agent,trial_id,infection_count,infections_step
montgomery,75,none,0.05,True,0.3608833011792184,True,1,mont.json,Degree_V2_noisy,4,40973,"[0, 10, 7, 12, 20, 52, 80, 160, 269, 431, 746, 1160, 1811, 2793, 4010, 5022, 5749, 5413, 4529, 3251, 2212, 1343, 815, 466, 283, 156, 80, 46, 32, 10, 4, 1, 0]"
montgomery,75,none,0.05,True,0.3608833011792184,True,1,mont.json,Degree_V2_noisy,0,41068,"[0, 10, 7, 12, 20, 52, 80, 160, 269, 498, 782, 1387, 2157, 3155, 4329, 5345, 5784, 5269, 4181, 2969, 1945, 1131, 657, 415, 216, 108, 59, 36, 21, 12, 2, 0]"
montgomery,75,none,0.05,True,0.3608833011792184,True,1,mont.json,Degree_V2_noisy,2,41456,"[0, 10, 7, 12, 20, 52, 80, 160, 269, 478, 821, 1280, 2045, 3066, 4246, 5277, 5802, 5428, 4332, 3107, 2037, 1181, 698, 441, 257, 164, 82, 53, 21, 16, 7, 3, 2, 2, 0]"
montgomery,75,none,0.05,True,0.3608833011792184,True,1,mont.json,Degree_V2_noisy,6,41302,"[0, 10, 7, 12, 20, 52, 80, 160, 269, 474, 771, 1326, 2063, 3242, 4340, 5333, 5764, 5392, 4179, 3011, 1952, 1211, 717, 417, 248, 124, 78, 28, 16, 6, 0]"
montgomery,75,none,0.05,True,0.3608833011792184,True,1,mont.json,Degree_V2_noisy,7,41006,"[0, 10, 7, 12, 20, 52, 80, 160, 269, 486, 763, 1313, 2060, 3025, 4178, 5246, 5676, 5353, 4276, 3016, 2052, 1264, 765, 441, 252, 116, 62, 29, 15, 4, 3, 1, 0]"
